conversion_seconds,error,gpu_memory_total,gpu_memory_used,host,job_id,layers,measurement,median_seconds,method,n_qubits,repeats,status,value_real
0.0018882020376622677,,150110142464,642580480,25a-hgpn022,177851,1,state,0.01526234787888825,cuquantum,4,3,ok,-0.07170878046105635
0.005016986979171634,,150110142464,642580480,25a-hgpn022,177851,1,state,0.023138162912800908,cuquantum,8,3,ok,-0.0028185874785608004
0.00389080704189837,,150110142464,915210240,25a-hgpn022,177851,1,state,0.028869882924482226,cuquantum,12,3,ok,-0.0027536161052320214
0.004963617073372006,,150110142464,915210240,25a-hgpn022,177851,1,state,0.037779578007757664,cuquantum,16,3,ok,4.170288042576821e-05
0.0062205251306295395,,150110142464,965541888,25a-hgpn022,177851,1,state,0.04335350915789604,cuquantum,20,3,ok,-8.201933134447726e-06
0.0073077690321952105,,150110142464,1720516608,25a-hgpn022,177851,1,state,0.05190807697363198,cuquantum,24,3,ok,4.0981792958194886e-07
0.00890906504355371,,150110142464,15951790080,25a-hgpn022,177851,1,state,0.06514136679470539,cuquantum,28,3,ok,1.1762161561273199e-06
0.008902601897716522,,150110142464,72335818752,25a-hgpn022,177851,1,state,0.09296020795591176,cuquantum,30,3,ok,-1.209638519689577e-07
,"OutOfMemoryError('Out of memory allocating 70,871,155,200 bytes (allocated so far: 139,590,778,880 bytes).')",,,25a-hgpn022,177851,1,state,,cuquantum,32,3,error,
